"","Day0_AAACCTGAGGGTCGAT-1","Day0_AAACCTGAGTCAAGGC-1","Day0_AAACCTGAGTTACGGG-1","Day0_AAACCTGAGTTAGGTA-1","Day0_AAACCTGCACAGACTT-1","Day0_AAACCTGCACAGATTC-1","Day0_AAACCTGCAGCCTGTG-1","Day0_AAACCTGGTAGTAGTA-1","Day0_AAACCTGGTATATCCG-1","Day0_AAACCTGGTCCATCCT-1","Day0_AAACCTGGTCGCGTGT-1","Day0_AAACCTGTCATGCTCC-1","Day0_AAACCTGTCGTTTATC-1","Day0_AAACCTGTCTGAGGGA-1","Day0_AAACCTGTCTTAACCT-1","Day0_AAACGGGAGCAATATG-1","Day0_AAACGGGAGGCAATTA-1","Day0_AAACGGGAGTGCCAGA-1","Day0_AAACGGGCACGACGAA-1","Day0_AAACGGGCAGCATGAG-1","Day0_AAACGGGCAGCTCCGA-1","Day0_AAACGGGGTAATTGGA-1","Day0_AAACGGGGTCTCGTTC-1","Day0_AAACGGGGTTTGTGTG-1","Day0_AAACGGGTCAGTTAGC-1","Day0_AAACGGGTCCATGAAC-1","Day0_AAACGGGTCTGGAGCC-1","Day0_AAAGATGAGATATGGT-1","Day0_AAAGATGAGCACCGTC-1","Day0_AAAGATGAGCTGCAAG-1","Day0_AAAGATGAGGGTATCG-1","Day0_AAAGATGAGTTGAGAT-1","Day0_AAAGATGCAAGAGGCT-1","Day0_AAAGATGCACCCATTC-1","Day0_AAAGATGCACCGAAAG-1","Day0_AAAGATGCATCCGGGT-1","Day0_AAAGATGGTAAGCACG-1","Day0_AAAGATGGTAGATTAG-1","Day0_AAAGATGGTGCACCAC-1","Day0_AAAGATGGTTTAGGAA-1","Day0_AAAGATGTCACCCGAG-1","Day0_AAAGATGTCCCTAATT-1","Day0_AAAGATGTCGGTCTAA-1","Day0_AAAGATGTCTGCTGCT-1","Day0_AAAGCAAAGAATCTCC-1","Day0_AAAGCAAAGGGAGTAA-1","Day0_AAAGCAACACGAGAGT-1","Day0_AAAGCAACATTAGCCA-1","Day0_AAAGCAAGTAAGTTCC-1","Day0_AAAGCAAGTCCAGTTA-1","Day0_AAAGCAAGTTACGCGC-1","Day0_AAAGCAATCAACCATG-1","Day0_AAAGCAATCCCTAACC-1","Day0_AAAGCAATCTGGGCCA-1","Day0_AAAGCAATCTTCGAGA-1","Day0_AAAGTAGAGACTGGGT-1","Day0_AAAGTAGAGCGTCAAG-1","Day0_AAAGTAGAGGGTATCG-1","Day0_AAAGTAGCAAGAAGAG-1","Day0_AAAGTAGCAAGAGGCT-1","Day0_AAAGTAGCAGTTCATG-1","Day0_AAAGTAGGTACTCTCC-1","Day0_AAAGTAGGTAGAAGGA-1","Day0_AAAGTAGTCAACCAAC-1","Day0_AAAGTAGTCACCCGAG-1","Day0_AAAGTAGTCACGCGGT-1","Day0_AAAGTAGTCATCGATG-1","Day0_AAAGTAGTCGAGGTAG-1","Day0_AAAGTAGTCGGCGGTT-1","Day0_AAAGTAGTCGGTGTCG-1","Day0_AAATGCCAGCAATCTC-1","Day0_AAATGCCAGCCCAGCT-1","Day0_AAATGCCCAAGCCATT-1","Day0_AAATGCCCACACTGCG-1","Day0_AAATGCCCAGCTCGCA-1","Day0_AAATGCCGTAGCGTCC-1","Day0_AAATGCCGTGTAATGA-1","Day0_AAATGCCGTTGTCTTT-1","Day0_AAATGCCTCCAAACAC-1","Day0_AAATGCCTCTTAGCCC-1","Day0_AAATGCCTCTTGCATT-1","Day0_AACACGTAGAGTAATC-1","Day0_AACACGTAGATGCGAC-1","Day0_AACACGTAGCACCGTC-1","Day0_AACACGTCAGGCGATA-1","Day0_AACACGTCAGTGGGAT-1","Day0_AACACGTGTACCGGCT-1","Day0_AACACGTGTCAGTGGA-1","Day0_AACACGTGTGATAAAC-1","Day0_AACACGTGTGGTCCGT-1","Day0_AACACGTGTTACGGAG-1","Day0_AACACGTGTTCAGGCC-1","Day0_AACACGTTCAACACAC-1","Day0_AACACGTTCCCTAACC-1","Day0_AACACGTTCGGTTCGG-1","Day0_AACACGTTCTAACTCT-1","Day0_AACACGTTCTCGCATC-1","Day0_AACCATGAGAAACCTA-1","Day0_AACCATGAGAGTAATC-1","Day0_AACCATGAGCGGCTTC-1"
"Xkr4",0,0,0,0,0,0,0,0,0,0,0,0,0,0,0,0,0,0,0,0,0,0,0,0,0,0,0,0,0,0,0,0,0,0,0,0,0,0,0,0,0,0,0,0,0,0,0,0,0,0,0,0,0,0,0,0,0,0,0,0,0,0,0,0,0,0,0,0,0,0,0,0,0,0,0,0,0,0,0,0,0,0,0,0,0,0,0,0,0,0,0,0,0,0,0,0,0,0,0,0
"Gm1992",0,0,0,0,0,0,0,0,0,0,0,0,0,0,0,0,0,0,0,0,0,0,0,0,0,0,0,0,0,0,0,0,0,0,0,0,0,0,0,0,0,0,0,0,0,0,0,0,0,0,0,0,0,0,0,0,0,0,0,0,0,0,0,0,0,0,0,0,0,0,0,0,0,0,0,0,0,0,0,0,0,0,0,0,0,0,0,0,0,0,0,0,0,0,0,0,0,0,0,0
"Gm37381",0,0,0,0,0,0,0,0,0,0,0,0,0,0,0,0,0,0,0,0,0,0,0,0,0,0,0,0,0,0,0,0,0,0,0,0,0,0,0,0,0,0,0,0,0,0,0,0,0,0,0,0,0,0,0,0,0,0,0,0,0,0,0,0,0,0,0,0,0,0,0,0,0,0,0,0,0,0,0,0,0,0,0,0,0,0,0,0,0,0,0,0,0,0,0,0,0,0,0,0
"Rp1",0,0,0,0,0,0,0,0,0,0,0,0,0,0,0,0,0,0,0,0,0,0,0,0,0,0,0,0,0,0,0,0,0,0,0,0,0,0,0,0,0,0,0,0,0,0,0,0,0,0,0,0,0,0,0,0,0,0,0,0,0,0,0,0,0,0,0,0,0,0,0,0,0,0,0,0,0,0,0,0,0,0,0,0,0,0,0,0,0,0,0,0,0,0,0,0,0,0,0,0
"Sox17",0,1.36885119897455,1.59990646616855,0,1.36950713014174,2.47298278394242,1.47122793521492,1.67246144572645,1.6153843319811,0,1.42241610566575,0,2.03668871481369,0,2.56670500022347,1.65136170177821,0,0,1.6710576703515,0,1.44491487862476,2.11488466448506,0,2.01366180630235,0,2.02766208552975,2.0334115090634,0,0,0,0,2.26044729114368,0,0,0,2.26778748391074,0,2.01544487913043,0,0,1.70544389629534,0,2.80651295380342,1.53965980337245,2.54560039204683,0,2.21629419050887,0,0,1.45251698880786,0,0,1.96826797879909,2.41720799370422,1.71037543041306,3.10434983022738,0,1.26121975459552,1.58895669237282,0,0,1.46685009979175,0,0,0,0,0,1.02898983583195,0,1.96579963569402,0,1.64256384034015,0,1.56773775677419,2.48550269299585,0,0,1.3122281487223,0.941984867817442,1.33777818976513,1.63321559807939,1.67000672770644,0,1.98967154225113,1.1743800122402,2.12326124608028,2.00453042114144,0,2.33601746031527,0,0,1.64021460899844,1.01678409397515,2.72858916672651,1.09608535555065,0,0,1.64413454448772,1.38233247965278,2.51842307311847
"Gm37323",0,0,0,0,0,0,0,0,0,0,0,0,0,0,0,0,0,0,0,0,0,0,0,0,0,0,0,0,0,0,0,0,0,0,0,0,0,0,0,0,0,0,0,0,0,0,0,0,0,0,0,0,0,0,0,0,0,0,0,0,0,0,0,0,0,0,0,0,0,0,0,0,0,0,0,0,0,0,0,0,0,0,0,0,0,0,0,0,0,0,0,0,0,0,0,0,0,0,0,0
"Mrpl15",1.89697833179407,1.36885119897455,0,0,0,0,0,0,0,0,0,0,0,0,0,1.65136170177821,0,0,0,0,0,1.53564386274411,0,1.15169973201894,0,0,0.978336107865925,0,0,0,0,0,1.8921782169751,0,0,1.3573810936217,0,0,0,0,0,0,0,0,2.17859895653462,0,0,0,0,1.45251698880786,0,0,0.706249919698888,0,0,0,1.75363334940268,0,0,0,0,0,0,0,0,0,0,0,0,0,0,0.871070677476395,0,0,0,0,0,0,0.57803586027264,1.33777818976513,1.63321559807939,0,1.72009387349833,0,0,0,0,0,0,1.30611144621984,0,0,1.01678409397515,1.52122236300469,0,0,1.54689370447368,0.528324414279606,0,1.90277992121162
"Lypla1",0,0,0,0,0,0,0,0,1.10357009059598,0,0,0,0,0,0,0,0,0,0,0,0,0,0,1.15169973201894,1.66547124153566,0.974211095169248,0,0,2.02309335995783,0,0,0,0,0,0,1.91279731660451,1.54951779017405,0.965467967850239,0,0,0.916801035515889,0,2.80651295380342,0,1.59269054257672,0,0,2.10945561207603,0,0.969615028348199,0,0,0.706249919698888,0,0,0,1.75363334940268,0,0,0,0,0,1.43679356223596,0,0,0,1.42853666631819,1.52528980416927,0,0,0,0,0,1.06398403797423,0,0,0,0,0,0,0,0,1.72009387349833,1.98967154225113,0,1.54312199711626,0,2.0556596178288,1.41423171144403,0,2.01855170845776,1.64021460899844,0,0,1.09608535555065,0,0,0,0,0
"Gm37988",0,0,0,0,0,0,0,0,0,0,0,0,0,0,0,0,0,0,0,0,0,0,0,0,0,0,0,0,0,0,0,0,0,0,0,0,0,0,0,0,0,0,0,0,0,0,0,0,0,0,0,0,0,0,0,0,0,0,0,0,0,0,0,0,0,0,0,0,0,0,0,0,0,0,0,0,0,0,0,0,0,0,0,0,0,0,0,0,0,0,0,0,0,0,0,0,0,0,0,0
"Tcea1",0,0,0,0,0,0,0,0,0,0,0.94529175634893,1.12685655715348,1.16991801825496,0,0,0,0,1.03856166403546,0,0,0,0,0,1.15169973201894,0,0,0.978336107865925,0,0,2.25012947561811,0,0,0,0,0,0,1.54951779017405,0,0,0,1.38693219999341,0,0,0,0,0,0,0,0,0.969615028348199,0,1.80056345012877,0.706249919698888,0,1.71037543041306,1.65993020467406,1.75363334940268,0,0,1.81247289524377,0,1.46685009979175,0,1.62760253772604,1.55068746193847,1.32567405917248,1.42853666631819,1.02898983583195,1.20851858622415,0,0,0,1.26158247885672,0,0,0,0,0,0,0,0,0,1.72009387349833,0,0,0,0,0,0,0,0,0,0,2.09870910705834,1.09608535555065,0,2.12748325225147,0,0,0
"Rgs20",0,0,0,0,0,0,0,0,0,0,0,0,0,0,0,0,0,0,0,0,0,0,0,0,0,0,0,0,0,0,0,0,0,0,0,0,0,0,0,0,0,0,0,0,0,0,0,0,0,0,0,0,0,0,0,0,0,0,0,0,0,0,0,0,0,0,0,0,0,0,0,0,0,0,0,0,0,0,0,0,0,0,0,0,0,0,0,0,0,0,0,0,0,0,0,0,0,0,0,0
"Gm16041",0,0,0,0,0,0,0,0,0,0,0,0,0,0,0,0,0,0,0,0,0,0,0,0,0,0,0,0,0,0,0,0,0,0,0,0,0,0,0,0,0,0,0,0,0,0,0,0,0,0,0,0,0,0,0,0,0,0,0,0,0,0,0,0,0,0,0,0,0,0,0,0,0,0,0,0,0,0,0,0,0,0,0,0,0,0,0,0,0,0,0,0,0,0,0,0,0,0,0,0
"Atp6v1h",0,0,0,0,0,0,0,0,0,1.56939221091629,0,1.12685655715348,1.16991801825496,0,1.38772105556125,0,0,0,0,1.27517113470008,0,0,0,0,2.25929435895987,0,0,0,0,0,0,0,0,1.23311597111157,0,0,0,0,0,0,0,0,0,0,0,0,0,1.53080071180382,0,0,0,0,0,0,0,1.65993020467406,0,1.26121975459552,0,0,0,0,0,0,0,0,0,0,1.7399468934154,1.40371918852262,0,0.871070677476395,0,0,0,0,0,1.3122281487223,0,0,0,0,1.72009387349833,0,0,0,0,0,0,0,0,0,0,0,0,0,0,0.528324414279606,0,0
"Oprk1",0,0,0,0,0,0,0,0,0,0,0,0,0,0,0,0,0,0,0,0,0,0,0,0,0,0,0,0,0,0,0,0,0,0,0,0,0,0,0,0,0,0,0,0,0,0,0,0,0,0,0,0,0,0,0,0,0,0,0,0,0,0,0,0,0,0,0,0,0,0,0,0,0,0,0,0,0,0,0,0,0,0,0,0,0,0,0,0,0,0,0,0,0,0,0,0,0,0,0,0
"Npbwr1",0,0,0,0,0,0,0,0,0,0,0,0,0,0,0,0,0,0,0,0,0,0,0,0,0,0,0,0,0,0,0,0,0,0,0,0,0,0,0,0,0,0,0,0,0,0,0,0,0,0,0,0,0,0,0,0,0,0,0,0,0,0,0,0,0,0,0,0,0,0,0,0,0,0,0,0,0,0,0,0,0,0,0,0,0,0,0,0,0,0,0,0,0,0,0,0,0,0,0,0
"Rb1cc1",1.89697833179407,0,0,1.35077388745038,0,0,0,0,0,1.56939221091629,0,0,0,0,0,0,0,0,0,0,0,0,0,0,0,0,0,0,0,0,0,0,0,1.23311597111157,0,0,0,0,0,1.56012129392242,0,0,0,0,0,0,0,0,0,0,0,0,0,0,0,0,0,0,0,1.81247289524377,0,1.46685009979175,0,0,0,0,0,0,0,0,0,1.32944240057579,0,0,0,0,0,0,0.57803586027264,0,0,0,1.72009387349833,0,0,0,0,0,0,0,0,0,0,0,0,0,0,0,0,0
"4732440D04Rik",0,0,0,0,0,0,0,0,0,0,0.94529175634893,0,0,0,0,0,0,0,0,0,0,0,0,0,0,0,0,0,0,0,0,0,0,0,0,0,0,0,0,1.56012129392242,0,0,0,0,0,0,0,0,0,0,0,0,0,0,0,0,0,0,0,0,0,0,0,0,0,0,0,0,0,0,0,0,0,0,0,0,0,0,0,0,0,0,0,0,0,0,0,0,0,0,0,0,0,0,0,0,0,0,1.38233247965278,0
"Alkal1",0,0,0,0,0,0,0,0,0,0,0,0,0,0,0,0,0,0,0,0,0,0,0,0,0,0,0,0,0,0,0,0,0,0,0,0,0,0,0,0,0,0,0,0,0,0,0,0,0,0,0,0,0,0,0,0,0,0,0,0,0,0,0,0,0,0,0,0,0,0,0,0,0,0,0,0,0,0,0,0,0,0,0,0,0,0,0,0,0,0,0,0,0,0,0,0,0,0,0,0
"St18",0,0,0,0,0,0,0,0,0,0,0,0,0,0,0,0,0,0,0,0,0,0,0,0,0,0,0,0,0,0,0,0,0,0,0,0,0,0,0,0,0,0,0,0,0,0,0,0,0,0,0,0,0,0,0,0,0,0,0,0,0,0,0,0,0,0,0,0,0,0,0,0,0,0,0,0,0,0,0,0,0,0,0,0,0,0,0,0,0,0,0,0,0,0,0,0,0,0,0,0
"Pcmtd1",0,0,0,0,0,1.3122281487223,0,0,1.10357009059598,0,0,0,0,0,0,1.65136170177821,0,1.03856166403546,1.6710576703515,1.27517113470008,1.44491487862476,0,0,0,0,0.974211095169248,0,0,0,1.657176509267,0,0,0,0,1.25832641494449,0,1.54951779017405,0,1.68165683736912,0,1.38693219999341,0,0,0,2.17859895653462,0,1.62661684555831,0,0,0.969615028348199,1.61425526418314,0,0.706249919698888,0,2.30877342721752,0,0,1.26121975459552,1.58895669237282,0,1.52066335423564,0,1.43679356223596,2.21738727657938,0,0,1.42853666631819,1.02898983583195,1.7399468934154,0,0,0,0,0,0,0,1.76880011373128,1.3122281487223,0.57803586027264,0,0,1.67000672770644,0,0,0,0,0,1.48296601152254,0,0,2.01855170845776,0,0,0,1.60640482554165,0,2.12748325225147,0.872203399871944,0,0
"Gm26901",0,0,0,0,0,0,0,0,0,0,0,0,0,0,0,0,0,0,0,0,0,0,0,0,0,0,0,0,0,0,0,0,0,0,0,0,0,0,0,0,0,0,0,0,0,0,0,0,0,0,0,0,0,0,0,0,0,0,0,0,0,0,0,0,0,0,0,0,0,0,0,0,0,0,0,0,0,0,0,0,0,0,0,0,0,0,0,0,0,0,0,0,0,0,0,0,0,0,0,0
"Gm30414",0,0,0,0,0,0,0,0,0,0,0,0,0,0,0,0,0,0,0,0,0,0,0,0,0,0,0,0,0,0,0,0,0,0,0,0,0,0,0,0,0,0,0,0,0,0,0,0,0,0,0,0,0,0,0,0,0,0,0,0,0,0,0,0,0,0,0,0,0,0,0,0,0,0,0,0,0,0,0,0,0,0,0,0,0,0,0,0,0,0,0,0,0,0,0,0,0,0,0,0
"Sntg1",0,0,0,0,0,0,0,0,0,0,0,0,0,0,0,0,0,0,0,0,0,0,0,0,0,0,0,0,0,0,0,0,0,0,0,0,0,0,0,0,0,0,0,0,0,0,0,0,0,0,0,0,0,0,0,0,0,0,0,0,0,0,0,0,0,1.32567405917248,0,0,0,0,0,0,0,0,0,0,0,0,0,0,0,0,0,0,0,0,0,0,0,0,0,0,0,0,0,0,0,0,0,0
"Rrs1",0,0,0,1.35077388745038,0,0,0,0,1.10357009059598,0,0,0,0,0,0,0,0,0,0,0,0,0,1.05183202579687,0,0,0,0.978336107865925,0,0,0,0,0,0,0,0,0,0,0.965467967850239,0,0,0.916801035515889,0,0,0,0,0,0,0,0,0,0,0,1.11604473174478,0,0,1.65993020467406,0,0,0,0,1.52066335423564,0,1.43679356223596,0,0,2.48980202964744,0,1.02898983583195,0,0,0,0,0,0,0,0,0,0,0,0,0,0,0,0,0,0,0,0,1.41423171144403,0,0,0,0,0,1.09608535555065,1.39406945218458,0,0,0,1.90277992121162
"Adhfe1",0,0,0,0,0,0,0,0,0,0,0,0,0,0,0,0,0,0,0,0,0,0,0,0,0,0,0,0,0,0,0,0,0,0,0,0,0,0,0,0,0,0,0,0,0,0,0,0,0,0,0,0,0,0,0,0,0,0,0,0,0,0,0,0,0,0,0,0,0,0,0,0,0,0,0,0,0,0,0,0,0,0,0,0,0,0,0,0,0,0,0,0,0,0,0,0,0,0,0,0
"3110035E14Rik",0,0,0,0,0,0,0,0,0,0,0,0,0,0,0,0,0,0,0,0,0,0,0,0,0,0,0,0,0,0,0,0,0,0,0,0,0,0,0,0,0,0,0,0,0,0,0,0,0,0,0,0,0,0,0,0,0,0,0,0,0,0,0,0,0,0,0,0,0,0,0,0,0,0,0,0,0,0,0,0,0,0,0,0,0,0,0,0,0,0,0,0,0,0,0,0,0,0,0,0
"Gm29520",0,0,0,0,0,0,0,0,0,0,0,0,0,0,0,0,0,0,0,0,0,0,0,0,0,0,0,0,0,0,0,0,0,0,0,0,0,0,0,0,0,0,0,0,0,0,0,0,0,0,0,0,0,0,0,0,0,0,0,0,0,0,0,0,0,0,0,0,0,0,0,0,0,0,0,0,0,0,0,0,0,0,0,0,0,0,0,0,0,0,0,0,0,0,0,0,0,0,0,0
"Mybl1",0,0,0,0,0,0,0,0,0,0,0,0,0,0,0,0,0,0,0,0,0,0,0,0,0,0,0,0,0,0,0,0,0,0,0,0,0,0,0,0,0,0,0,0,0,0,0,0,0,0,0,0,0,0,0,0,0,0,0,0,0,0,0,0,0,0,0,0,0,0,0,0,0,0,0,0,0,0,0,0,0,0,0,0,0,0,0,0,0,0,0,0,0,0,0,0,0,0,0,0
"Vcpip1",0,0,0,0,0,0,0,0,0,0,0.94529175634893,0,0,0,0,1.65136170177821,0,0,0,0,0,0,0,0,0,1.45818540351962,0,0,0,0,0,0,0,0,0,0,0,0,0,0,0,0,0,0,0,0,0,0,0,0,0,0,0,0,0,0,0,0,0,1.81247289524377,0,0,0,0,0,0,0,0,0,0,0,0,0,0,0,0,0,0,0,0,0,0,0,0,0,0,0,0,0,0,0,0,0,0,0,0,0,0,0,0
"1700034P13Rik",0,0,0,0,0,0,0,0,0,0,0,0,0,0,0,0,0,0,0,0,0,0,0,0,0,0,0,0,0,0,0,0,0,0,0,0,0,0,0,0,0,0,0,0,0,0,0,0,0,0,0,0,0,0,0,0,0,0,0,0,0,0,0,0,0,0,0,0,0,0,0,0,0,0,0,0,0,0,0,0,0,0,0,0,0,0,0,0,0,0,0,0,0,0,0,0,0,0,0,0
"Sgk3",0,0,0,0,1.36950713014174,0,0,0,0,0,0,0,0,0,0,0,1.657176509267,0,0,0,0,0,0,0,0,0,0,0,0,0,0,0,1.8921782169751,1.23311597111157,1.25832641494449,0,0,0,0,0,0.916801035515889,0,0,0,0,0,0,0,0,0,0,0,0,0,0,0,0,0,0,0,0,0,0,0,0,0,0,0,0,0,0,0,1.26158247885672,0,0,0,0,0,0.57803586027264,0,0,0,0,0,0,0,0,0,0,0,0,0,0,0,1.09608535555065,0,0,0,0,0
"Mcmdc2",0,0,0,0,0,0,0,0,0,0,0,0,0,0,0,0,0,1.03856166403546,0,0,0,0,0,0,0,0,0,0,0,0,0,0,0,0,0,0,0,0,0,0,0,0,0,0,0,0,0,0,0,0,0,0,0,0,0,0,0,0,0,0,0,0,0,0,0,0,0,0,0,0,0,0,0,0,0,0,0,0,0,0,0,0,0,0,0,0,0,0,0,0,0,0,0,0,0,0,0,0,0,0
"Snhg6",0,0,0,0,1.36950713014174,1.3122281487223,0,0,0,0,0,0,0,0,0,0,0,1.03856166403546,0,0,0,0,0,0,0,0.974211095169248,0,0,0,0,0,1.66651521998421,0,0,0,0,0,0,0,0,0.916801035515889,0,0,0,0,0,0,0,0,0,0,0,0,0,0,0,0,0,0,0,0,0,0,0,0,1.32567405917248,1.42853666631819,0,0,0,0,0,0,0,0,0,0,0,0,0,0,0,0,0,1.1743800122402,0,0,0,0,0,0,0,0,0,1.09608535555065,0,0,0,0,0
"Tcf24",0,0,0,0,0,0,0,0,0,0,0,0,0,0,0,0,0,0,0,0,0,0,0,0,0,0,0,0,0,0,0,0,0,0,0,0,0,0,0,0,0,0,0,0,0,0,0,0,0,0,0,0,0,0,0,0,0,0,0,0,0,0,0,0,0,0,0,0,0,0,0,0,0,0,0,0,0,0,0,0,0,0,0,0,0,0,0,0,0,0,0,0,0,0,0,0,0,0,0,0
"Ppp1r42",0,0,0,0,0,0,0,0,0,0,0,0,0,0,0,0,0,0,0,0,0,0,0,0,0,0,0,0,0,0,0,0,0,0,0,0,0,0,0,0,0,0,0,0,0,0,0,0,0,0,0,0,0,0,0,0,0,0,0,0,0,0,0,0,0,0,0,0,0,0,0,0,0,0,0,0,0,0,0,0,0,0,0,0,0,0,0,0,0,0,0,0,0,0,0,0,0,0,0,0
"Gm15818",0,0,0,0,0,0,0,0,0,0,0,0,0,0,0,0,0,0,0,0,0,0,0,0,0,0,0,0,0,0,0,0,0,0,0,0,0,0,0,0,0,0,0,0,0,0,0,0,0,0,0,0,0,0,0,0,0,0,0,0,0,0,0,0,0,0,0,0,0,0,0,0,0,0,0,0,0,0,0,0,0,0,0,0,0,0,0,0,0,0,0,0,0,0,0,0,0,0,0,0
"Cops5",0,0,0,0,0,0,2.04240897287883,1.67246144572645,0,0,0.94529175634893,0,0,0,0,1.65136170177821,1.657176509267,0,0,1.81785399380303,1.44491487862476,0,0,0,0,0,0,0,0,0,0,0,0,0,0,0,1.54951779017405,0,0,0,0.916801035515889,0,0,0,0,0,0,0,0,0,0,0,0.706249919698888,0,0,0,0,1.26121975459552,0,0,0,0,1.43679356223596,0,0,1.32567405917248,0,0,0,0,2.12878690157002,0,0,1.06398403797423,1.87235238324284,0,0,0,0,1.33777818976513,0,1.67000672770644,0,0,0,0,0,0,0,1.85372908115982,0,0,0,0,0,0,1.54689370447368,0.872203399871944,0,0
"Cspp1",0,0,0,0,0,0,0,1.67246144572645,0,0,0,0,0,0,0,0,0,1.03856166403546,0,0,0,0,0,0,0,0,0,1.57910175768955,0,0,0,0,0,0,0,0,0,0,0,0,0.916801035515889,0,0,0,0,2.14827038255578,0,0,0,0,0,0,0,0,2.30877342721752,0,0,0,0,0,0,0,1.43679356223596,0,0,0,0,0,0,0,0,0.871070677476395,0,0,0,1.79887812916272,0,0,0,0,0,0,0,1.98967154225113,0,0,0,0,0,0,2.01855170845776,0,0,0,0,0,0,0,0,0
"Arfgef1",0,0,0,0,0,0,0,0,1.10357009059598,0,0,1.12685655715348,0,0,0,0,0,0,0,0,0,0,0,0,0,0,0,0,0,0,0,0,0,1.76880011373128,0,0,0,0,0,0,0,0,0,0,0,0,0,0,0,0.969615028348199,0,0,0.706249919698888,0,0,0,0,0,0,0,0,0,0,0,0,0,0,0,0,0,0,0,0,0,0,0,0,0,0.57803586027264,0,0,0,0,0,0,0,0,0,0,0,0,0,0,0,0,0,0,0.528324414279606,0,0
"Cpa6",0,0,0,0,0,0,0,0,0,0,0,0,0,0,0,0,0,0,0,0,0,0,0,0,0,0,0,0,0,0,0,0,0,0,0,0,0,0,0,0,0,0,0,0,0,0,0,0,0,0,0,0,0,0,0,0,0,0,0,0,0,0,0,0,0,0,0,0,0,0,0,0,0,0,0,0,0,0,0,0,0,0,0,0,0,0,0,0,0,0,0,0,0,0,0,0,0,0,0,0
"Prex2",0,1.36885119897455,0,1.35077388745038,0,0,0,0,0,0,0.94529175634893,0,0,0,1.38772105556125,0,0,1.5369319809097,1.6710576703515,0,1.44491487862476,0,1.05183202579687,1.15169973201894,0,0.974211095169248,0,1.57910175768955,0,0,2.56698253592636,0,0,1.23311597111157,1.25832641494449,0,0,0.965467967850239,2.91765249663006,1.56012129392242,0.916801035515889,0,2.80651295380342,0,1.59269054257672,0,0,0,1.75978053290068,0,1.61425526418314,1.80056345012877,1.63032067174414,0,0,0,0,1.26121975459552,0,0,0,0,0,0,0,0,1.42853666631819,0,0,1.40371918852262,0,0,0,0,1.87235238324284,0,0,0,0.941984867817442,1.33777818976513,0,1.67000672770644,0,0,0,0,0,0,1.41423171144403,1.85372908115982,2.64296612938031,2.60037797328632,0,0,1.09608535555065,0,0,1.77030017318412,0,0
"A830018L16Rik",0,0,0,0,0,0,0,0,0,0,0,0,0,0,0,0,0,0,0,0,0,0,0,0,0,0,0,0,0,0,0,0,0,0,0,0,0,0,0,0,0,0,0,1.53965980337245,0,0,0,0,0,0,0,0,0,0,0,0,0,0,0,0,0,0,0,0,0,0,0,0,0,0,0,0,0,0,0,0,0,0,0,0,0,0,0,0,0,0,0,0,0,0,0,0,0,0,0,0,0,0,0,0
"Gm17644",0,0,0,0,0,0,0,0,0,0,0,0,0,0,0,0,0,0,0,0,0,0,0,0,0,0,0,0,0,0,0,0,0,0,0,0,0,0,0,0,0,0,0,0,0,0,0,0,0,0,0,0,0,0,0,0,0,0,0,0,0,0,0,0,0,0,0,0,0,0,0,0,0,0,0,0,0,0,0,0,0,0,0,0,0,0,0,0,0,0,0,0,0,0,0,0,0,0,0,0
"Gm29663",0,0,0,0,0,0,0,0,0,0,0,0,0,0,0,0,0,0,0,0,0,0,0,0,0,0,0,0,0,0,0,0,0,0,0,0,0,0,0,0,0,0,0,0,0,0,0,0,0,0,0,0,0,0,0,0,0,0,0,0,0,0,0,0,0,0,0,0,0,0,0,0,0,0,0,0,0,0,0,0,0,0,0,0,0,0,0,0,0,0,0,0,0,0,0,0,0,0,0,0
"Sulf1",0,0,0,0,0,0,0,0,0,0,0,0,0,0,0,0,0,0,0,0,0,0,0,1.67281284037323,0,0,0,0,0,0,0,0,0,1.23311597111157,0,0,0,0.965467967850239,0,0,0,0,0,1.53965980337245,0,0,0,0,0,0,0,0,0,0,0,0,0,0,0,0,0,0,0,0,0,0,0,0,0,0,0,0,0,0,0,0,0,0,0,1.33777818976513,0,0,0,0,0,0,0,0,0,0,0,0,0,0,0,0,0,0,0,0
"Slco5a1",0,0,0,0,0,0,0,0,0,0,0,0,0,0,0,0,0,0,0,0,0,0,0,0,0,0,0,0,0,0,0,0,0,0,0,0,0,0,0,0,0,0,0,0,0,0,0,0,0,0,0,0,0,0,0,0,0,0,0,0,0,0,0,0,0,0,0,0,0,0,0,0,0,0,0,0,0,0,0,0,0,0,0,0,0,0,0,0,0,0,0,0,0,0,0,0,0,0,0,0
"Gm29283",0,0,0,0,0,0,0,0,0,0,0,0,0,0,0,0,0,0,0,0,0,0,0,0,0,0,0,0,0,0,0,0,0,0,0,0,0,0,0,0,0,0,0,0,0,0,0,0,0,0,0,0,0,0,0,0,0,0,0,0,0,0,0,0,0,0,0,0,0,0,0,0,0,0,0,0,0,0,0,0,0,0,0,0,0,0,0,0,0,0,0,0,0,0,0,0,0,0,0,0
"Prdm14",0,0,0,0,0,0,0,0,0,0,0,0,0,0,0,0,0,0,0,0,0,0,0,0,0,0,0,0,0,0,0,0,0,0,0,0,0,0,0,0,0,0,0,0,0,0,0,0,0,0,0,0,0,0,0,0,0,0,0,0,0,0,0,0,0,0,0,0,0,0,0,0,0,0,0,0,0,0,0,0,0,0,0,0,0,0,0,0,0,0,0,0,0,0,0,0,0,0,0,0
"Ncoa2",0,0,0,0,0,0,0,1.67246144572645,0,0,0,0,0,0,0,0,0,0,0,0,0,0,0,0,0,0,0,0,0,0,0,0,0,0,0,0,0,0,0,0,0,0,0,0,0,0,0,0,0,0,0,0,0,0,0,0,0,0,0,0,0,0,0,0,0,0,0,0,0,0,0,0,1.26158247885672,0,1.87235238324284,0,0,0,0.941984867817442,1.33777818976513,0,0,0,0,1.1743800122402,0,0,0,0,0,0,0,0,0,0,0,0,0.528324414279606,0,0
"Gm29570",0,0,0,0,0,0,0,0,0,0,0,0,0,0,0,0,0,0,0,0,0,0,0,0,0,0,0,0,0,0,0,0,0,0,0,0,0,0,0,0,0,0,0,0,0,0,0,0,0,0,0,0,0,0,0,0,0,0,0,0,0,0,0,0,0,0,0,0,0,0,0,0,0,0,0,0,0,0,0,0,0,0,0,0,0,0,0,0,0,0,0,0,0,0,0,0,0,0,0,0
"Tram1",0,0,0,1.35077388745038,1.36950713014174,0,0,0,0,0,1.7440898414606,1.98207982211017,0,0,0,0,0,1.5369319809097,0,0,0,1.53564386274411,1.05183202579687,1.15169973201894,0,1.45818540351962,1.46326769867346,1.57910175768955,0,1.657176509267,0,0,1.8921782169751,0,1.25832641494449,0,1.54951779017405,0,1.68165683736912,0,1.38693219999341,0,2.80651295380342,0,0,1.56548839794997,1.62661684555831,1.53080071180382,0,0.969615028348199,0,0,0.706249919698888,0,0,0,0,1.80161879265821,0,1.81247289524377,0,1.46685009979175,1.43679356223596,0,0,0,0,1.02898983583195,0,0,0,0.871070677476395,1.80204136520946,1.06398403797423,1.87235238324284,0,1.76880011373128,1.3122281487223,1.20824412934541,0,1.63321559807939,0,0,0,1.6996938709958,0,0,0,0,0,0,0,1.01678409397515,1.52122236300469,1.60640482554165,1.95479104894925,0,0.872203399871944,1.38233247965278,0
"Lactb2",0,0,1.59990646616855,0,0,0,0,0,0,0,0.94529175634893,0,0,0,0,0,0,0,0,0,0,0,0,0,0,0.974211095169248,0,0,0,0,0,0,0,0,1.25832641494449,0,0,1.44739710869251,0,0,0,0,0,0,0,0,0,0,0,0,0,0,0,0,0,0,0,0,0,0,0,0,0,0,0,0,0,1.02898983583195,0,0,0,0,0,0,0,0,0,0,0,0,0,0,0,0,0,0,0,1.48296601152254,0,0,0,0,1.01678409397515,0,0,0,0,0,0,0
"Xkr9",0,0,0,0,0,0,0,0,0,0,0,0,0,0,0,0,0,0,0,0,0,0,0,0,0,0,0,0,0,0,0,0,0,0,0,0,0,0,0,0,0,0,0,0,0,0,0,0,0,0,0,0,0,0,0,0,0,0,0,0,0,0,0,0,0,0,0,0,0,0,0,0,0,0,0,0,0,0,0,0,0,0,0,0,0,0,0,0,0,0,0,0,0,0,0,0,0,0,0,0
"Eya1",0,0,0,0,0,0,0,0,0,0,0,0,0,0,0,0,0,0,0,0,0,0,0,0,0,0,0,0,0,0,0,0,0,0,0,0,0,0,0,0,0,0,0,0,0,0,0,0,0,0,0,0,0,0,0,0,0,0,0,0,0,0,0,0,0,0,0,0,0,0,0,0,0,0,0,0,0,0,0,0,0,0,0,0,0,0,0,0,0,0,0,0,0,0,0,0,0,0,0,0
"Gm9947",0,0,0,0,0,0,0,0,0,0,0,0,0,0,0,0,0,0,0,0,0,0,0,0,0,0,0,0,0,0,0,0,0,0,0,0,0,0,0,0,0,0,0,0,0,0,0,0,0,0,0,0,0,0,0,0,0,0,0,0,0,0,0,0,0,0,0,0,0,0,0,0,0,0,0,0,0,0,0,0,0,0,0,0,0,0,0,0,0,0,0,0,0,0,0,0,0,0,0,0
"Msc",0,0,0,0,0,0,0,0,0,0,0,0,0,0,0,0,0,0,0,0,0,0,0,0,0,0,0,0,0,0,0,0,0,0,0,0,0,0,0,0,0,0,0,0,0,0,0,0,0,0,0,0,0,0,0,0,0,0,0,0,0,0,0,0,0,0,0,0,0,0,0,0,0,0,0,0,0,0,0,0,0,0,0,0,0,0,0,0,0,0,0,0,0,0,0,0,0,0,0,0
"Trpa1",0,0,0,0,0,0,0,0,0,0,0,0,0,0,0,0,0,0,0,0,0,0,0,0,0,0,0,0,0,0,0,0,0,0,0,0,0,0,0,0,0,0,0,0,0,0,0,0,0,0,0,0,0,0,0,0,0,0,0,0,0,0,0,0,0,0,0,0,0,0,0,0,0,0,0,0,0,0,0,0,0,0,0,0,0,0,0,0,0,0,0,0,0,0,0,0,0,0,0,0
"Kcnb2",0,0,0,0,0,0,0,0,0,0,0,0,0,0,0,0,0,0,0,0,0,0,0,0,0,0,0,0,0,0,0,0,0,0,0,0,0,0,0,0,0,0,0,0,0,0,0,0,0,0,0,0,0,0,0,0,0,0,0,0,0,0,0,0,0,0,0,0,0,0,0,0,0,0,0,0,0,0,0,0,0,0,0,0,0,0,0,0,0,0,0,0,0,0,0,0,0,0,0,0
"Terf1",0,0,0,0,0,0,0,0,0,0,0.94529175634893,0,0,0,0,0,0,0,0,0,0,0,0,0,0,0.974211095169248,0,0,0,0,0,0,0,0,0,0,0,0,0,0,0,0,0,0,0,0,2.21629419050887,0,0,0,0,0,0,0,0,0,0,0,0,0,0,0,1.43679356223596,0,0,0,0,1.85547158352969,0,0,0,0,0,0,0,0,0,0,0.57803586027264,0,0,0,0,0,0,0,0,1.48296601152254,0,0,0,0,0,0,0,0,0,0,0,0
"Sbspon",0,0,0,0,0,0,0,0,0,0,0,0,0,0,0,0,0,0,0,0,0,0,0,0,0,0,0,0,0,0,0,0,0,0,0,0,0,0,0,0,0,0,0,0,0,0,0,0,0,0,0,0,0,0,0,0,0,0,0,0,0,0,0,0,0,0,0,0,0,0,0,0,0,0,0,0,0,0,0,0,0,0,0,0,0,0,0,0,0,0,0,0,0,0,0,0,0,0,0,0
"4930444P10Rik",0,0,0,0,0,0,0,0,0,0,0,0,0,0,0,0,0,0,0,0,0,0,0,0,0,0,0,0,0,0,0,0,0,0,0,0,0,0,0,0,0,0,0,0,0,0,0,0,0,0,0,0,0,0,0,0,0,0,0,0,0,0,0,0,0,0,0,0,0,0,0,0,0,0,0,0,0,0,0,0,0,0,0,0,0,0,0,0,0,0,0,0,0,0,0,0,0,0,0,0
"Rpl7",2.89021436433324,2.54343727095434,1.59990646616855,1.90521073610303,2.28240633160662,1.86080059627647,1.47122793521492,2.26701169951506,2.57180748044776,1.56939221091629,2.48615161276373,1.12685655715348,2.49391945581392,0,1.94754049093008,2.24369989723731,2.61983420936637,2.62293186931365,2.90532370541378,2.4263286061039,0,2.47930302932646,2.33354640987018,2.26739949909703,1.66547124153566,2.76264498767093,2.23002867985562,2.52986332691766,2.64783013436272,1.657176509267,2.56698253592636,3.28698781615116,0,2.11573970039052,1.79824715495993,2.26778748391074,2.76233604598158,2.84840110633084,1.68165683736912,2.50782496474871,2.67494038847345,0,0,2.48399047931622,1.59269054257672,2.51406359662837,0,2.74003353927775,2.10617388277924,2.38154180125881,2.5705057847839,1.80056345012877,2.42159219015678,0,2.68054969295405,0,2.72959298432882,1.80161879265821,3.02009202040506,2.42047063492903,2.46178963357261,2.87230877731064,2.36288517058471,2.854549518702,0,1.87632183872505,2.35306587464139,2.94351103667016,1.7399468934154,1.96579963569402,2.76060026435362,2.37269632364636,2.15094959722266,2.5166766003282,2.48550269299585,2.40565857784032,1.76880011373128,2.47298278394242,2.66047457414442,3.02887562143335,0,2.63451923430677,2.31945257934916,1.98967154225113,2.04231166446074,1.54312199711626,0,2.68266252412226,1.97777559024385,3.11503949473878,2.01855170845776,2.23136316258404,1.8394176064442,2.46244395813864,2.39444786944945,3.22881715205237,1.54689370447368,2.94959867781651,2.29782894816441,0
"Rdh10",0,0,0,0,0,0,0,0,0,0,0,0,0,0,0,0,0,0,0,0,0,0,0,0,0,0,0,0,0,0,0,0,0,0,0,0,0,0,0,0,0,0,0,0,0,0,0,0,1.22541554114186,0,0,0,0,0,0,0,0,0,0,0,0,0,0,0,0,0,0,0,0,0,0,0,0,0,0,0,0,0,0,0,0,1.67000672770644,0,0,0,0,0,0,0,0,0,0,0,0,0,0,0,0,0,0
"Gm28095",0,0,0,0,0,0,0,0,0,0,0,0,0,0,0,0,0,0,0,0,0,0,0,0,0,0,0,0,0,0,0,0,0,0,0,0,0,0,0,0,0,0,0,0,0,0,0,0,0,0,0,0,0,0,0,0,0,0,0,0,0,0,0,0,0,0,0,0,0,0,0,0,0,0,0,0,0,0,0,0,0,0,0,0,0,0,0,0,0,0,0,0,0,0,0,0,0,0,0,0
"Stau2",0,0,0,0,0,0,0,0,0,0,0,0,0,0,0,0,0,0,0,0,0,0,0,0,0,0,0,0,0,0,0,0,0,0,0,0,0,0,0,0,0,0,0,0,0,0,0,0,0,0,0,0,0,0,0,0,0,0,0,0,0,0,0,0,0,0,0,0,0,0,0,0,0,0,0,0,0,0,0,0,0,0,0,0,0,0,0,0,0,0,0,0,0,0,0,0,0,0,0,0
"Gm7568",0,0,0,0,0,0,0,0,0,0,0,0,0,0,0,0,0,0,0,0,0,0,0,0,0,0,0,0,0,0,0,0,0,0,0,0,0,0,0,0,0,0,0,0,0,0,0,0,0,0,0,0,0,0,0,0,0,0,0,0,0,0,0,0,0,0,0,0,0,0,0,0,0,0,0,0,0,0,0,0,0,0,0,0,0,0,0,0,0,0,0,0,0,0,0,0,0,0,0,0
"Ube2w",0,1.36885119897455,0,0,1.36950713014174,0,0,0,0,0,1.42241610566575,0,1.16991801825496,1.63421101763932,0,0,0,0,0,0,0,0,0,0,0,0,0,0,0,0,1.94779823749812,0,0,0,1.25832641494449,0,1.54951779017405,0,0,0,0.916801035515889,0,0,0,1.59269054257672,0,0,0,0,0,0,0,0,0,0,0,0,1.26121975459552,0,0,1.52066335423564,0,0,0,0,0,0,1.02898983583195,0,0,0,0,0,0,0,0,0,0,0,0,0,0,0,0,0,0,0,0,0,0,0,1.64021460899844,0,0,0,0,0,0.528324414279606,0,0
"Eloc",0,1.36885119897455,0,0,0,0,0,0,1.6153843319811,0,0.94529175634893,0,0,0,0,1.65136170177821,0,1.03856166403546,0,0,0,0,0,1.15169973201894,1.66547124153566,0.974211095169248,0.978336107865925,0,2.02309335995783,0,0,1.66651521998421,0,0,1.25832641494449,0,1.54951779017405,0.965467967850239,0,0,1.38693219999341,0,0,0,0,0,1.62661684555831,0,1.22541554114186,0,1.61425526418314,0,0,0,2.30877342721752,1.65993020467406,0,0,0,2.42047063492903,0,0,0,0,2.13172802768184,0,0,1.52528980416927,0,1.40371918852262,1.5480586557117,0.871070677476395,0,0,0,0,0,0,1.20824412934541,0,0,1.67000672770644,0,0,1.1743800122402,0,2.00453042114144,0,0,0,0,1.64021460899844,1.01678409397515,0,1.09608535555065,1.39406945218458,0,1.4997212397323,0,1.90277992121162
"D030040B21Rik",0,0,0,0,0,0,0,0,0,0,0,0,0,0,0,0,0,0,0,0,0,0,0,0,0,0,0,0,0,0,0,0,0,0,0,0,0,0,0,0,0,0,0,0,0,0,0,0,0,0,0,0,0,0,0,0,0,0,0,0,0,0,0,0,0,0,0,0,0,0,0,0,0,0,0,0,0,0,0,0,0,0,0,0,0,0,0,0,0,0,0,0,0,0,0,0,0,0,0,0
"Tmem70",0,0,0,0,0,0,0,0,0,0,0.94529175634893,0,1.16991801825496,0,0,1.65136170177821,0,0,0,0,0,1.53564386274411,0,0,1.66547124153566,0.974211095169248,0,0,0,0,0,0,0,0,0,0,1.54951779017405,0,0,0,0,0,0,0,0,0,0,0,1.22541554114186,0,0,0,0.706249919698888,0,0,0,0,0,0,0,0,0,0,0,0,0,0,0,0,1.40371918852262,0,0,1.80204136520946,0,0,0,0,0,0,0,0,1.67000672770644,0,1.98967154225113,0,0,0,0,0,0,0,0,0,0,0,0,0,0,0,0
"Ly96",0,0,0,1.35077388745038,0,0,0,0,1.6153843319811,0,0,0,0,0,0,0,0,0,0,0,0,1.53564386274411,0,1.15169973201894,0,0,0,0,0,0,0,0,0,1.23311597111157,1.25832641494449,0,0,0,0,0,0,0,0,1.53965980337245,1.59269054257672,0,0,0,0,0,0,0,0,0,0,0,0,0,0,0,1.52066335423564,0,0,0,0,0,0,0,0,0,1.5480586557117,0,0,0,0,0,0,0,0,0,0,0,0,0,0,1.54312199711626,0,0,1.41423171144403,0,0,0,0,0,0,0,0,0,0,0
"Gm28376",0,0,0,0,0,0,0,0,0,0,0,0,0,0,0,0,0,0,0,0,0,0,0,0,0,0,0,0,0,0,0,0,0,0,0,0,0,0,0,0,0,0,0,0,0,0,0,0,0,0,0,0,0,0,0,0,0,0,0,0,0,0,0,0,0,0,0,0,0,0,0,0,0,0,0,0,0,0,0,0,0,0,0,0,0,0,0,0,0,0,0,0,0,0,0,0,0,0,0,0
"Jph1",0,0,0,0,0,0,0,0,0,0,0,0,0,0,0,0,0,0,0,0,0,0,0,0,0,0,0,0,0,0,0,0,0,0,0,0,0,0,0,0,0,0,0,0,0,0,0,0,0,0,0,0,0,0,0,0,0,0,0,0,0,0,0,0,0,0,0,0,0,0,0,0,0,0,0,0,0,0,0,0,0,0,0,0,0,0,0,0,0,0,0,0,0,0,0,0,0,0,0,0
"Gm28783",0,0,0,0,0,0,0,0,0,0,0,0,0,0,0,0,0,0,0,0,0,0,0,0,0,0,0,0,0,0,0,0,0,0,0,0,0,0,0,0,0,0,0,0,0,0,0,0,0,0,0,0,0,0,0,0,0,0,0,0,0,0,0,0,0,0,0,0,0,0,0,0,0,0,0,0,0,0,0,0,0,0,0,0,0,0,0,0,0,0,0,0,0,0,0,0,0,0,0,0
"Gdap1",0,0,0,0,0,0,0,0,0,0,0,0,0,0,0,0,0,0,0,0,0,0,0,0,0,0,0,0,0,0,0,0,0,0,0,0,0,0,0,0,0,0,0,0,0,0,0,0,0,0,0,0,0,0,0,0,0,0,0,0,0,0,0,0,0,0,0,0,0,0,0,0,0,0,0,0,0,0,0,0,0,0,0,0,0,0,0,0,0,0,0,0,0,0,0,0,0,0,0,0
"Gm28784",0,0,0,0,0,0,0,0,0,0,0,0,0,0,0,0,0,0,0,0,0,0,0,0,0,0,0,0,0,0,0,0,0,0,0,0,0,0,0,0,0,0,0,0,0,0,0,0,0,0,0,0,0,0,0,0,0,0,0,0,0,0,0,0,0,0,0,0,0,0,0,0,0,0,0,0,0,0,0,0,0,0,0,0,0,0,0,0,0,0,0,0,0,0,0,0,0,0,0,0
"Pi15",0,0,0,0,0,0,0,0,0,0,0,0,0,0,0,0,0,0,0,0,0,0,0,0,0,0,0,0,0,0,0,0,0,0,0,0,0,0,0,0,0,0,0,0,0,0,0,0,0,0,0,0,0,0,0,0,0,0,0,0,0,0,0,0,0,0,0,0,0,0,0,0,0,0,0,0,0,0,0,0,0,0,0,0,0,0,0,0,0,0,0,0,0,0,0,0,0,0,0,0
"Gm28154",0,0,0,0,0,0,0,0,0,0,0,0,0,0,0,0,0,0,0,0,0,0,0,0,0,0,0,0,0,0,0,0,0,0,0,0,0,0,0,0,0,0,0,0,0,0,0,0,0,0,0,0,0,0,0,0,0,0,0,0,0,0,0,0,0,0,0,0,0,0,0,0,0,0,0,0,0,0,0,0,0,0,0,0,0,0,0,0,0,0,0,0,0,0,0,0,0,0,0,0
"Gm16070",0,0,0,0,0,0,0,0,0,0,0,0,0,0,0,0,0,0,0,0,0,0,0,0,0,0,0,0,0,0,0,0,0,0,0,0,0,0,0,0,0,0,0,0,0,0,0,0,0,0,0,0,0,0,0,0,0,0,0,0,0,0,0,0,0,0,0,0,0,0,0,0,0,0,0,0,0,0,0,0,0,0,0,0,0,0,0,0,0,0,0,0,0,0,0,0,0,0,0,0
"Crispld1",0,0,0,0,0,0,0,0,0,0,0,0,0,0,0,0,0,0,0,0,0,0,0,0,0,0,0,0,0,0,0,0,0,0,0,0,0,0,0,0,0,0,0,0,0,0,1.62661684555831,0,0,0,0,0,0,0,0,0,0,0,0,0,0,0,0,0,0,0,0,0,0,0,0,0,0,0,0,0,0,0,0,0,0,0,0,0,0,0,0,0,0,0,0,0,0,0,0,0,0,0,0,0
"Gm28153",0,0,0,0,0,0,0,0,0,0,0,0,0,0,0,0,0,0,0,0,0,0,0,0,0,0,0,0,0,0,0,0,0,0,0,0,0,0,0,0,0,0,0,0,0,0,0,0,0,0,0,0,0,0,0,0,0,0,0,0,0,0,0,0,0,0,0,0,0,0,0,0,0,0,0,0,0,0,0,0,0,0,0,0,0,0,0,0,0,0,0,0,0,0,0,0,0,0,0,0
"Crisp4",0,0,0,0,0,0,0,0,0,0,0,0,0,0,0,0,0,0,0,0,0,0,0,0,0,0,0,0,0,0,0,0,0,0,0,0,0,0,0,0,0,0,0,0,0,0,0,0,0,0,0,0,0,0,0,0,0,0,0,0,0,0,0,0,0,0,0,0,0,0,0,0,0,0,0,0,0,0,0,0,0,0,0,0,0,0,0,0,0,0,0,0,0,0,0,0,0,0,0,0
"Defb18",0,0,0,0,0,0,0,0,0,0,0,0,0,0,0,0,0,0,0,0,0,0,0,0,0,0,0,0,0,0,0,0,0,0,0,0,0,0,0,0,0,0,0,0,0,0,0,0,0,0,0,0,0,0,0,0,0,0,0,0,0,0,0,0,0,0,0,0,0,0,0,0,0,0,0,0,0,0,0,0,0,0,0,0,0,0,0,0,0,0,0,0,0,0,0,0,0,0,0,0
"Defb41",0,0,0,0,0,0,0,0,0,0,0,0,0,0,0,0,0,0,0,0,0,0,0,0,0,0,0,0,0,0,0,0,0,0,0,0,0,0,0,0,0,0,0,0,0,0,0,0,0,0,0,0,0,0,0,0,0,0,0,0,0,0,0,0,0,0,0,0,0,0,0,0,0,0,0,0,0,0,0,0,0,0,0,0,0,0,0,0,0,0,0,0,0,0,0,0,0,0,0,0
"Gm15825",0,0,0,0,0,0,0,0,0,0,0,0,0,0,0,0,0,0,0,0,0,0,0,0,0,0,0,0,0,0,0,0,0,0,0,0,0,0,0,0,0,0,0,0,0,0,0,0,0,0,0,0,0,0,0,0,0,0,0,0,0,0,0,0,0,0,0,0,0,0,0,0,0,0,0,0,0,0,0,0,0,0,0,0,0,0,0,0,0,0,0,0,0,0,0,0,0,0,0,0
"Tfap2d",0,0,0,0,0,0,0,0,0,0,0,0,0,0,0,0,0,0,0,0,0,0,0,0,0,0,0,0,0,0,0,0,0,0,0,0,0,0,0,0,0,0,0,0,0,0,0,0,0,0,0,0,0,0,0,0,0,0,0,0,0,0,0,0,0,0,0,0,0,0,0,0,0,0,0,0,0,0,0,0,0,0,0,0,0,0,0,0,0,0,0,0,0,0,0,0,0,0,0,0
"Tfap2b",0,0,0,0,0,0,0,0,0,0,0,0,0,0,0,0,0,0,0,0,0,0,0,0,0,0,0,0,0,0,0,0,0,0,0,0,0,0,0,0,0,0,0,0,0,0,0,0,0,0,0,0,0,0,0,0,0,0,0,0,0,0,0,0,0,0,0,0,0,0,0,0,0,0,0,0,0,0,0,0,0,0,0,0,0,0,0,0,0,0,0,0,0,0,0,0,0,0,0,0
"Gm28340",0,0,0,0,0,0,0,0,0,0,0,0,0,0,0,0,0,0,0,0,0,0,0,0,0,0,0,0,0,0,0,0,0,0,0,0,0,0,0,0,0,0,0,0,0,0,0,0,0,0,0,0,0,0,0,0,0,0,0,0,0,0,0,0,0,0,0,0,0,0,0,0,0,0,0,0,0,0,0,0,0,0,0,0,0,0,0,0,0,0,0,0,0,0,0,0,0,0,0,0
"Pkhd1",0,0,0,0,0,0,0,0,0,0,0,0,0,0,0,0,0,0,0,0,0,0,0,0,0,0,0,0,0,0,0,0,0,0,0,0,0,0,0,0,0,0,0,0,0,0,0,0,0,0,0,0,0,0,0,0,0,0,0,0,0,0,0,0,0,0,0,0,0,0,0,0,0,0,0,0,0,0,0,0,0,0,0,0,0,0,0,0,0,0,0,0,0,0,0,0,0,0,0,0
"4930486I03Rik",0,0,0,0,0,0,0,0,0,0,0,0,0,0,0,0,0,0,0,0,0,0,0,0,0,0,0,0,0,0,0,0,0,0,0,0,0,0,0,0,0,0,0,0,0,0,0,0,0,0,0,0,0,0,0,0,0,0,0,0,0,0,0,0,0,0,0,0,0,0,0,0,0,0,0,0,0,0,0,0,0,0,0,0,0,0,0,0,0,0,0,0,0,0,0,0,0,0,0,0
"Gm28653",0,0,0,0,0,0,0,0,0,0,0,0,0,0,0,0,0,0,0,0,0,0,0,0,0,0,0,0,0,0,0,0,0,0,0,0,0,0,0,0,0,0,0,0,0,0,0,0,0,0,0,0,0,0,0,0,0,0,0,0,0,0,0,0,0,0,0,0,0,0,0,0,0,0,0,0,0,0,0,0,0,0,0,0,0,0,0,0,0,0,0,0,0,0,0,0,0,0,0,0
"Il17a",0,0,0,0,0,0,0,0,0,0,0,0,0,0,0,0,0,0,0,0,0,0,0,0,0,0,0,0,0,0,0,0,0,0,0,0,0,0,0,0,0,0,0,0,0,0,0,0,0,0,0,0,0,0,0,0,0,0,0,0,0,0,0,0,0,0,0,0,0,0,0,0,0,0,0,0,0,0,0,0,0,0,0,0,0,0,0,0,0,0,0,0,0,0,0,0,0,0,0,0
"Il17f",0,0,0,0,0,0,0,0,0,0,0,0,0,0,0,0,0,0,0,0,0,0,0,0,0,0,0,0,0,0,0,0,0,0,0,0,0,0,0,0,0,0,0,0,0,0,0,0,0,0,0,0,0,0,0,0,0,0,0,0,0,0,0,0,0,0,0,0,0,0,0,0,0,0,0,0,0,0,0,0,0,0,0,0,0,0,0,0,0,0,0,0,0,0,0,0,0,0,0,0
"Mcm3",0,0,0,0,0,0,0,0,0,0,0,0,0,0,0,0,0,0,1.6710576703515,0,0,0,0,0,0,0,0,0,0,0,0,0,0,0,0,0,0,0.965467967850239,0,1.56012129392242,0,0,0,0,0,0,0,0,1.22541554114186,0,0,0,0,0,0,0,0,0,0,0,1.52066335423564,0,0,0,1.55068746193847,0,0,1.52528980416927,0,0,0,0,0,0,0,0,0,0,0,0,0,0,0,0,0,0,0,0,0,0,0,0,0,0,0,0,0,0,0,0
"Gm28065",0,0,0,0,0,0,0,0,0,0,0,0,0,0,0,0,0,0,0,0,0,0,0,0,0,0,0,0,0,0,0,0,0,0,0,0,0,0,0,0,0,0,0,0,0,0,0,0,0,0,0,0,0,0,0,0,0,0,0,0,0,0,0,0,0,0,0,0,0,0,0,0,0,0,0,0,0,0,0,0,0,0,0,0,0,0,0,0,0,0,0,0,0,0,0,0,0,0,0,0
"6720483E21Rik",0,0,0,0,0,0,0,0,0,0,0,0,0,0,0,0,0,0,0,0,0,0,0,0,0,0,0,0,0,0,0,0,0,0,0,0,0,0,0,0,0,0,0,0,0,0,0,0,0,0,0,0,0,0,0,0,0,0,0,0,0,0,0,0,0,0,0,0,0,0,0,0,0,0,0,0,0,0,0,0,0,0,0,0,0,0,0,0,0,0,0,0,0,0,0,0,0,0,0,0
"Paqr8",0,0,0,0,0,0,0,0,0,0,0,0,0,0,0,0,0,0,0,0,0,0,0,0,0,0,0,0,0,0,0,0,0,0,0,0,0,0,0,0,0,0,0,0,0,0,0,0,0,0,0,0,0,0,0,0,0,0,0,0,0,0,0,0,0,0,0,0,0,1.40371918852262,0,0,0,0,0,0,1.76880011373128,0,0,0,0,0,0,0,0,0,0,0,0,0,0,0,0,0,0,0,1.54689370447368,0,0,0
"Efhc1",0,0,0,0,0,0,0,0,0,0,0,0,0,0,0,0,0,0,0,0,0,0,0,0,0,0,0.978336107865925,0,0,0,0,0,0,0,0,0,0,0,0,0,0,0,0,0,0,0,0,0,0,0,0,0,0,0,0,0,0,0,0,0,0,0,0,0,0,0,0,0,0,0,0,0,0,0,0,0,0,0,0,0,0,0,0,0,0,0,0,0,0,0,0,0,0,0,0,0,0,0,0,0
"Tram2",0,0,0,0,0,0,0,0,0,0,0,0,0,1.63421101763932,0,0,0,0,0,0,0,0,0,0,0,0,0,0,0,0,0,0,0,0,0,0,0,0,0,0,0,0,0,0,0,0,0,0,0,0,0,0,0,0,0,0,0,0,0,0,0,0,0,0,0,0,0,0,0,0,0,0,0,0,0,0,0,0,0,0,0,0,0,0,0,0,0,0,0,0,0,0,0,0,0,0,0,0,0,0
"Gm28287",0,0,0,0,0,0,0,0,0,0,0,0,0,0,0,0,0,0,0,0,0,0,0,0,0,0,0,0,0,0,0,0,0,0,0,0,0,0,0,0,0,0,0,0,0,0,0,0,0,0,0,0,0,0,0,0,0,0,0,0,0,0,0,0,0,0,0,0,0,0,0,0,0,0,0,0,0,0,0,0,0,0,0,0,0,0,0,0,0,0,0,0,0,0,0,0,0,0,0,0
